{"cameraMode":{"drawMode":0,"name":"Shaded","section":"Shading Mode"},"sceneLighting":true,"audioPlay":false,"sceneViewState":{"m_AlwaysRefresh":false,"showFog":true,"showSkybox":true,"showFlares":true,"showImageEffects":true,"showParticleSystems":true,"showVisualEffectGraphs":true,"m_FxEnabled":true},"in2DMode":false,"pivot":{"x":1.7197656631469727,"y":6.336150646209717,"z":3.7782154083251955},"rotation":{"x":0.17079703509807588,"y":-0.3804275691509247,"z":0.07170551270246506,"w":0.9060930609703064},"size":15.372570991516114,"orthographic":false}