{"cameraMode":{"drawMode":0,"name":"Shaded","section":"Shading Mode"},"sceneLighting":true,"audioPlay":false,"sceneViewState":{"m_AlwaysRefresh":false,"showFog":true,"showSkybox":true,"showFlares":true,"showImageEffects":true,"showParticleSystems":true,"showVisualEffectGraphs":true,"m_FxEnabled":true},"in2DMode":false,"pivot":{"x":-1.3695504665374756,"y":1.0639867782592774,"z":9.419851303100586},"rotation":{"x":0.06908494234085083,"y":-0.07027816027402878,"z":0.004873271100223064,"w":0.9951425790786743},"size":10.781637191772461,"orthographic":false}